name,price,price_helper,past month,Brand,Recommended Uses For Product,Mounting Type,Finish Type,Material,Color,Number of Handles,Included Components,Hole Count,Special Feature,Style,Installation Type,Number of Pieces,Handle Material,Spout Height,Spout Reach,Item Weight,Series ID,Warranty Type,Handle Location,Speaker Cutout Diameter or Length,Spout Design,Manufacturer,Product Dimensions,Part Number,Item model number,Is Discontinued By Manufacturer,Finish,Pattern,Shape,Item Package Quantity,Hose Length,Flush Type,Special Features,Batteries Included?,Batteries Required?,Warranty Description,ASIN,rating,Reviews Count,5 star,4 star,3 star,2 star,1 star,Best Sellers Rank,Date First Available,link
"Commercial Sink Faucet with Sprayer 8 Inch Center Wall Mount Kitchen Sink Faucet with 10"" Add-on Swing Spout 25"" Height Faucet with Down Pre-Rinse Sprayer","MAD1,285
81","MAD1,285
81",Nan,Gdyfdskin,Kitchen,Wall Mount,Polished,Brass,Chrome Polished,,,Nan,,,Nan,Nan,Nan,Nan,Nan,4.77 Kilograms,Nan,Nan,Nan,Nan,Nan,Gdyfdskin,"2""D x 10""W x 25""H",GDY24N25,GDY24N25,Nan,Polished,Nan,Nan,1,Nan,Nan,"360 Swivel Spout, Easy to Install, Lead Free, Pre Rinse Sprayer, Stainless Steel Hose & Spring",No,No,Nan,B0DK5CV248,4.8,26 ratings,79%,21%,0%,0%,0%,"#101,712 in Tools & Home Improvement (See Top 100 in Tools & Home Improvement)","October 16, 2024",https://www.amazon.com/sspa/click?ie=UTF8&spc=MTo3MjgxNTU5Njc3NjE5NzU0OjE3NjA0NTk0MzY6c3BfYXRmOjMwMDk2MzUxNTM5ODcwMjo6MDo6&url=%2FCommercial-Faucet-Sprayer-25-Height%2Fdp%2FB0DK5CV248%2Fref%3Dsr_1_1_sspa%3Fdib%3DeyJ2IjoiMSJ9.LbsCW5GdBaHaG6crjzI4CkOb7E12CV1iCeukVLvuiXKHHw1WCto7gQTv8qiBrO2MNXF06TGF5r3Vv9p8VG70XJlLq7nYwz6aNh2Wxmw7ytl3t4dcueBy54b3UpcLYUxn1f7y6bEg-Zn2cq9JD0Ot5hlrl6dWUWnJXPQinxaCeQFcfd08zCUglugVxoHDGXumA-pc96ivOY5PHbvVcZttGLm3FosGE1TozCoMVyZ0kTE.RER-LJeA5hBDPMMLtzpJjhH0IZa5FLgCGhILIwVXeIo%26dib_tag%3Dse%26keywords%3Dcommercial%2Bkitchen%2Bequipment%26qid%3D1760459436%26sr%3D8-1-spons%26sp_csd%3Dd2lkZ2V0TmFtZT1zcF9hdGY%26psc%3D1
"25"" Height Commercial Faucet Wall Mount with Sprayer 8"" Adjustable Center 12"" Swing Spout, Wall Mount Kitchen Sink Faucet with Pull Down Pre-Rinse Sprayer for 1/2 Compartment Sink","MAD1,377
66","MAD1,377
66",100+ bought in past month,APLWY,Kitchen,Wall Mount,Polished,Brass,Polished Chrome,,,,,"25"" Height With 12"" Spout & 18"" Hose",Wall-Mounted,1,Brass,12 Inches,12 Inches,9.53 pounds,Nan,limited,Center,Nan,Straight,APLWY,"5""D x 9""W x 25""H",APLWY-US-25CF,25Inches,Nan,Polished,Nan,Lead-free brass,1,18 Inches,Nan,Pull Down Sprayer,Nan,No,Nan,B0CKWXPVCQ,4.5,172 ratings,75%,12%,6%,2%,5%,"#64,299 in Tools & Home Improvement (See Top 100 in Tools & Home Improvement)","October 12, 2023",https://www.amazon.com/sspa/click?ie=UTF8&spc=MTo3MjgxNTU5Njc3NjE5NzU0OjE3NjA0NTk0MzY6c3BfYXRmOjMwMDc1MzQ1Mjg4NTcwMjo6MDo6&url=%2FAPLWY-Commercial-Adjustable-Pre-Rinse-Compartment%2Fdp%2FB0CKWXPVCQ%2Fref%3Dsr_1_2_sspa%3Fdib%3DeyJ2IjoiMSJ9.LbsCW5GdBaHaG6crjzI4CkOb7E12CV1iCeukVLvuiXKHHw1WCto7gQTv8qiBrO2MNXF06TGF5r3Vv9p8VG70XJlLq7nYwz6aNh2Wxmw7ytl3t4dcueBy54b3UpcLYUxn1f7y6bEg-Zn2cq9JD0Ot5hlrl6dWUWnJXPQinxaCeQFcfd08zCUglugVxoHDGXumA-pc96ivOY5PHbvVcZttGLm3FosGE1TozCoMVyZ0kTE.RER-LJeA5hBDPMMLtzpJjhH0IZa5FLgCGhILIwVXeIo%26dib_tag%3Dse%26keywords%3Dcommercial%2Bkitchen%2Bequipment%26qid%3D1760459436%26sr%3D8-2-spons%26sp_csd%3Dd2lkZ2V0TmFtZT1zcF9hdGY%26psc%3D1
"VEVOR Bun Pan Rack, 20-Tier Commercial Bakery Racks with Brake Wheels, Aluminum Racking Trolley Storage for Half & Full Sheet, Speed Rack For Kitchen Home, Bread Baking Equipment, 26""L x 20.4""W x 70""H","MAD1,469
51","MAD1,469
51",300+ bought in past month,VEVOR,Nan,"Clevis,Wall, Hook",Aluminum,Aluminum,Silver,Nan,"1 x 20 Sheets Bakery Rack 13 x Hex Bolts, 4 x ""U"" Washers 1 x User Manual",Nan,Dishwasher Safe,Adjustable,Nan,Nan,Nan,Nan,Nan,13.7 Kilograms,Nan,Nan,Nan,Nan,Nan,VEVOR,"26""D x 20.4""W x 70""H",20-Tier Commercial Bakery Racks,LHPR-20R,Nan,Aluminum,Nan,Nan,1,Nan,Nan,Dishwasher Safe,Nan,No,Nan,B0CCJFQ5VR,4.5,65 ratings,82%,5%,3%,3%,7%,"#9,024 in Industrial & Scientific (See Top 100 in Industrial & Scientific)","July 21, 2023",https://www.amazon.com/VEVOR-20-Tier-Commercial-Aluminum-Equipment/dp/B0CCJFQ5VR/ref=sr_1_3?dib=eyJ2IjoiMSJ9.LbsCW5GdBaHaG6crjzI4CkOb7E12CV1iCeukVLvuiXKHHw1WCto7gQTv8qiBrO2MNXF06TGF5r3Vv9p8VG70XJlLq7nYwz6aNh2Wxmw7ytl3t4dcueBy54b3UpcLYUxn1f7y6bEg-Zn2cq9JD0Ot5hlrl6dWUWnJXPQinxaCeQFcfd08zCUglugVxoHDGXumA-pc96ivOY5PHbvVcZttGLm3FosGE1TozCoMVyZ0kTE.RER-LJeA5hBDPMMLtzpJjhH0IZa5FLgCGhILIwVXeIo&dib_tag=se&keywords=commercial+kitchen+equipment&qid=1760459436&sr=8-3
"FineDine Stainless Steel Mixing Bowls Set, Dishwasher Safe, Up To 8 Quart Metal Mixing Bowls For Kitchen, Nesting, Large, Small, Big Food Prep, Cooking, Baking","MAD266
27","MAD266
27",2K+ bought in past month,FineDine,Nan,Nan,Nan,Stainless Steel,Stainless Steel,Nan,"Lid, Spoon",Nan,Dishwasher_safe,Fine,Nan,6,Nan,Nan,Nan,2 pounds,Nan,Nan,Nan,Nan,Nan,huangjianhua,"13.6""W x 13.8""H",Nan,FD-SK101,No,Nan,Solid,Round,Nan,Nan,Nan,Nan,Nan,Nan,Nan,B01HTYH8YA,4.6,"42,786 ratings",80%,12%,5%,1%,2%,"#2,608 in Kitchen & Dining (See Top 100 in Kitchen & Dining)","July 1, 2016",https://www.amazon.com/Mixing-Bowls-Stainless-Steel-Kitchen/dp/B01HTYH8YA/ref=sr_1_4?dib=eyJ2IjoiMSJ9.LbsCW5GdBaHaG6crjzI4CkOb7E12CV1iCeukVLvuiXKHHw1WCto7gQTv8qiBrO2MNXF06TGF5r3Vv9p8VG70XJlLq7nYwz6aNh2Wxmw7ytl3t4dcueBy54b3UpcLYUxn1f7y6bEg-Zn2cq9JD0Ot5hlrl6dWUWnJXPQinxaCeQFcfd08zCUglugVxoHDGXumA-pc96ivOY5PHbvVcZttGLm3FosGE1TozCoMVyZ0kTE.RER-LJeA5hBDPMMLtzpJjhH0IZa5FLgCGhILIwVXeIo&dib_tag=se&keywords=commercial+kitchen+equipment&qid=1760459436&sr=8-4
Yungyan 6 Pcs Commercial Clear Food Storage Containers 4 Qt Square Acrylic Airtight Food Storage Containers with Lids for Kitchen Restaurant Pantry Freezer Flour Sugar(Red),"MAD449
97
(
MAD75.04 / count)","MAD449
97
(
MAD75.04 / count)",50+ bought in past month,Yungyan,"Baby food, Spices, Cookies, Honey, Herb, Candy, Pie, Jelly, Jam, Muffins, Chocolate, Donuts, Cupcakes, Bean, Grain, Cheese, Fruit, Snacks, Meat, Chips, Condiments, Yogurt, Vegetable, Rice, Pasta, Sugar, Tea, Baking supplies, Flour, Dry foods, Soup, Nuts, Sauces, Dessert, Bread, Sandwiches, Salad, Cake, Noodles, Coffee, Juice, Oats, Spaghetti, Cereal, Dry goods, Biscuits, Pizza, Chilli, Salt, Pepper, berry, Powder, Ice Cream, Egg, Hot food, Cold food, Oatmeal, Meals, Fries, Burger, Seed, Pet Food, Milk, Mousse, Take-Out, Deli, Pickles, Cheery, Pastry, Butter",Nan,Nan,Acrylic,Red,Nan,Nan,Nan,"Durable, Leak Resistant, Lightweight, Shatterproof, Stackable",Nan,Nan,Nan,Nan,Nan,Nan,5.46 pounds,Nan,Nan,Nan,Nan,Nan,Yungyan,Nan,TG-Yungyan-54250,TG-Yungyan-54250,Nan,Nan,Nan,square,6,Nan,Nan,"Durable, Leak Resistant, Lightweight, Shatterproof, Stackable",Nan,No,Nan,B0CG84BX33,4.5,61 ratings,77%,9%,7%,0%,7%,"#53,846 in Kitchen & Dining (See Top 100 in Kitchen & Dining)","August 22, 2023",https://www.amazon.com/Yungyan-Commercial-Containers-Airtight-Restaurant/dp/B0CG84BX33/ref=sr_1_5?dib=eyJ2IjoiMSJ9.LbsCW5GdBaHaG6crjzI4CkOb7E12CV1iCeukVLvuiXKHHw1WCto7gQTv8qiBrO2MNXF06TGF5r3Vv9p8VG70XJlLq7nYwz6aNh2Wxmw7ytl3t4dcueBy54b3UpcLYUxn1f7y6bEg-Zn2cq9JD0Ot5hlrl6dWUWnJXPQinxaCeQFcfd08zCUglugVxoHDGXumA-pc96ivOY5PHbvVcZttGLm3FosGE1TozCoMVyZ0kTE.RER-LJeA5hBDPMMLtzpJjhH0IZa5FLgCGhILIwVXeIo&dib_tag=se&keywords=commercial+kitchen+equipment&qid=1760459436&sr=8-5
"SYBO SB-6000-2G Commercial Grade Soup Kettle with Hinged Lid and Detachable Stainless Steel Insert Pot for Restaurant and Big Family, 10.5 Quarts, Silver","MAD788
35","-18%
MAD788
35
List Price:
MAD964.42",200+ bought in past month,SYBO,Nan,Nan,Polished,Stainless Steel,Silver,Nan,Nan,Nan,Nan,Nan,Nan,Nan,Nan,Nan,Nan,12 Pounds,Nan,Nan,Nan,Nan,Nan,,"14""D x 14""W x 16""H",Nan,SB-6000-2G,Nan,Polished,Nan,Nan,Nan,Nan,Nan,Nan,Nan,Nan,Nan,B07NRX4D1C,4.5,"1,078 ratings",76%,12%,4%,2%,6%,"#4,752 in Industrial & Scientific (See Top 100 in Industrial & Scientific)","June 27, 2019",https://www.amazon.com/SYBO-SB-6000-2G-Commercial-Stainless-Restaurant/dp/B07NRX4D1C/ref=sr_1_6?dib=eyJ2IjoiMSJ9.LbsCW5GdBaHaG6crjzI4CkOb7E12CV1iCeukVLvuiXKHHw1WCto7gQTv8qiBrO2MNXF06TGF5r3Vv9p8VG70XJlLq7nYwz6aNh2Wxmw7ytl3t4dcueBy54b3UpcLYUxn1f7y6bEg-Zn2cq9JD0Ot5hlrl6dWUWnJXPQinxaCeQFcfd08zCUglugVxoHDGXumA-pc96ivOY5PHbvVcZttGLm3FosGE1TozCoMVyZ0kTE.RER-LJeA5hBDPMMLtzpJjhH0IZa5FLgCGhILIwVXeIo&dib_tag=se&keywords=commercial+kitchen+equipment&qid=1760459436&sr=8-6
"SYBO SB-6000-2G Commercial Grade Soup Kettle with Hinged Lid and Detachable Stainless Steel Insert Pot for Restaurant and Big Family, 10.5 Quarts, Silver","MAD788
35","-18%
MAD788
35
List Price:
MAD964.42",200+ bought in past month,SYBO,Nan,Nan,Polished,Stainless Steel,Silver,Nan,Nan,Nan,Nan,Nan,Nan,Nan,Nan,Nan,Nan,12 Pounds,Nan,Nan,Nan,Nan,Nan,,"14""D x 14""W x 16""H",Nan,SB-6000-2G,Nan,Polished,Nan,Nan,Nan,Nan,Nan,Nan,Nan,Nan,Nan,B07NRX4D1C,4.5,"1,078 ratings",76%,12%,4%,2%,6%,"#4,752 in Industrial & Scientific (See Top 100 in Industrial & Scientific)","June 27, 2019",https://www.amazon.com/SYBO-SB-6000-2G-Commercial-Stainless-Restaurant/dp/B07NRX4D1C/ref=cs_sr_dp_1?dib=eyJ2IjoiMSJ9.LbsCW5GdBaHaG6crjzI4CkOb7E12CV1iCeukVLvuiXKHHw1WCto7gQTv8qiBrO2MNXF06TGF5r3Vv9p8VG70XJlLq7nYwz6aNh2Wxmw7ytl3t4dcueBy54b3UpcLYUxn1f7y6bEg-Zn2cq9JD0Ot5hlrl6dWUWnJXPQinxaCeQFcfd08zCUglugVxoHDGXumA-pc96ivOY5PHbvVcZttGLm3FosGE1TozCoMVyZ0kTE.RER-LJeA5hBDPMMLtzpJjhH0IZa5FLgCGhILIwVXeIo&dib_tag=se&keywords=commercial+kitchen+equipment&qid=1760459436&sr=8-6
"SYBO SB-6000 Commercial Grade Soup Kettle with Hinged Lid and Detachable Stainless Steel Insert Pot for Restaurant and Big Family, 10.5 Quarts, Black","MAD918
41","-5%
MAD918
41
List Price:
MAD964.42",500+ bought in past month,SYBO,Nan,Nan,Polished,"Iron Steel, Stainless Steel",Black,Nan,Nan,Nan,Nan,Nan,Nan,Nan,Nan,Nan,Nan,5.5 Pounds,Nan,Nan,Nan,Nan,Nan,,"13""D x 13""W x 14""H",Nan,SB-6000,No,Polished,Nan,Nan,Nan,Nan,Nan,Nan,Nan,Nan,Nan,B076V1D5RF,4.5,"1,078 ratings",76%,12%,4%,2%,6%,"#4,752 in Industrial & Scientific (See Top 100 in Industrial & Scientific)","October 25, 2017",https://www.amazon.com/SYBO-SB-6000-2G-Commercial-Stainless-Restaurant/dp/B076V1D5RF/ref=cs_sr_dp_2?dib=eyJ2IjoiMSJ9.LbsCW5GdBaHaG6crjzI4CkOb7E12CV1iCeukVLvuiXKHHw1WCto7gQTv8qiBrO2MNXF06TGF5r3Vv9p8VG70XJlLq7nYwz6aNh2Wxmw7ytl3t4dcueBy54b3UpcLYUxn1f7y6bEg-Zn2cq9JD0Ot5hlrl6dWUWnJXPQinxaCeQFcfd08zCUglugVxoHDGXumA-pc96ivOY5PHbvVcZttGLm3FosGE1TozCoMVyZ0kTE.RER-LJeA5hBDPMMLtzpJjhH0IZa5FLgCGhILIwVXeIo&dib_tag=se&keywords=commercial+kitchen+equipment&qid=1760459436&sr=8-6
"SYBO SB-6000-1B Commercial Grade Soup Warmer Kettle with Hinged Lid and Detachable Stainless Steel Insert Pot for Restaurant Parties Buffet, 10.5 Quarts, Brown","MAD867
98","-10%
MAD867
98
List Price:
MAD964.42",Nan,SYBO,Nan,Nan,Polished,Stainless Steel,Brown,Nan,Nan,Nan,Nan,Nan,Nan,Nan,Nan,Nan,Nan,10.3 Pounds,Nan,Nan,Nan,Nan,Nan,,"14""D x 13""W x 14""H",Nan,SYBO-SB-6000-1B,Nan,Polished,Nan,Nan,Nan,Nan,Nan,Nan,Nan,Nan,Nan,B0FLDFPQN2,4.5,"1,078 ratings",76%,12%,4%,2%,6%,"#4,753 in Industrial & Scientific (See Top 100 in Industrial & Scientific)","August 6, 2025",https://www.amazon.com/SYBO-SB-6000-2G-Commercial-Stainless-Restaurant/dp/B0FLDFPQN2/ref=cs_sr_dp_3?dib=eyJ2IjoiMSJ9.LbsCW5GdBaHaG6crjzI4CkOb7E12CV1iCeukVLvuiXKHHw1WCto7gQTv8qiBrO2MNXF06TGF5r3Vv9p8VG70XJlLq7nYwz6aNh2Wxmw7ytl3t4dcueBy54b3UpcLYUxn1f7y6bEg-Zn2cq9JD0Ot5hlrl6dWUWnJXPQinxaCeQFcfd08zCUglugVxoHDGXumA-pc96ivOY5PHbvVcZttGLm3FosGE1TozCoMVyZ0kTE.RER-LJeA5hBDPMMLtzpJjhH0IZa5FLgCGhILIwVXeIo&dib_tag=se&keywords=commercial+kitchen+equipment&qid=1760459436&sr=8-6
"Commercial Kitchen Sink Faucet with Pull Down Sprayer, Pre-Rinse Commercial Fucet Chrome Kitchen Wall Mount Faucets with Sprayer 25"" Height Water Faucets with 9.6"" Add-on Swing Spout for Restaurant","MAD1,561
27","MAD1,561
27",Nan,WOWOW,"Commercial Kitchen Faucet, Commercial Sink Faucet, Restaurant",Wall Mount Faucet,Polished,Brass Commercial Kitchen Faucet,,,,,,Modern Commercial Sink Faucet with Sprayer,Wall Mount Kitchen Faucets,Nan,Stainless Steel,9.6 Inches,25 Inches,4.66 Kilograms,Commercial Sink Faucet,limited,Center,Nan,swivel swing,"KAI PING CITY XIANG FEI SANITARYWARE CO.,LTD",17.32 x 13.18 x 3.74 inches,Commercial Faucet,Commercial Faucet 2318400C-25,Nan,Polished,Nan,Nan,Nan,Nan,Nan,"Adjustable Hot Limit, Adjustable Wall Mount Faucet, Lead Free Commercial Faucet, Leak Resistant Commercial Kitchen Faucet, Pull Down Sprayer",No,No,Nan,B0CGJ4FLWR,4.4,25 ratings,60%,16%,24%,0%,0%,"#807,708 in Tools & Home Improvement (See Top 100 in Tools & Home Improvement)","August 24, 2023",https://www.amazon.com/sspa/click?ie=UTF8&spc=MTo3MjgxNTU5Njc3NjE5NzU0OjE3NjA0NTk0MzY6c3BfbXRmOjMwMDgwOTI3Mjk0NTgwMjo6MDo6&url=%2FWOWOW-Adjustable-Faucet-Pre-Rinse-Sprayer%2Fdp%2FB0CGJ4FLWR%2Fref%3Dsr_1_7_sspa%3Fdib%3DeyJ2IjoiMSJ9.LbsCW5GdBaHaG6crjzI4CkOb7E12CV1iCeukVLvuiXKHHw1WCto7gQTv8qiBrO2MNXF06TGF5r3Vv9p8VG70XJlLq7nYwz6aNh2Wxmw7ytl3t4dcueBy54b3UpcLYUxn1f7y6bEg-Zn2cq9JD0Ot5hlrl6dWUWnJXPQinxaCeQFcfd08zCUglugVxoHDGXumA-pc96ivOY5PHbvVcZttGLm3FosGE1TozCoMVyZ0kTE.RER-LJeA5hBDPMMLtzpJjhH0IZa5FLgCGhILIwVXeIo%26dib_tag%3Dse%26keywords%3Dcommercial%2Bkitchen%2Bequipment%26qid%3D1760459436%26sr%3D8-7-spons%26sp_csd%3Dd2lkZ2V0TmFtZT1zcF9tdGY%26psc%3D1
"Bar Mops Blue Stripe Pack of 24 Kitchen Towels 16x19 Multi-Purpose for Home, Restaurant and Cleaning White Absorbent Washcloth Dishcloths Sets, Reusable Dish, Cloths Rags","MAD201
98
(
MAD8.45 / count)","MAD201
98
(
MAD8.45 / count)",Nan,STF Linen,Nan,Nan,Nan,Cotton,Blue,Nan,Nan,Nan,Bagged,Durable,Nan,Nan,Nan,Nan,Nan,3.5 pounds,Nan,Nan,Nan,Nan,Nan,Nan,"19""L x 16""W",Nan,Nan,Nan,Nan,Solid,Rectangular,Nan,Nan,Nan,Nan,Nan,Nan,Nan,B0BBBFH87J,4.3,107 ratings,67%,12%,10%,6%,5%,"#112,123 in Health & Household (See Top 100 in Health & Household)",Nan,https://www.amazon.com/STF-Linen-Multi-Purpose-Restaurant-Dishcloths/dp/B0BBBFH87J/ref=sr_1_8?dib=eyJ2IjoiMSJ9.LbsCW5GdBaHaG6crjzI4CkOb7E12CV1iCeukVLvuiXKHHw1WCto7gQTv8qiBrO2MNXF06TGF5r3Vv9p8VG70XJlLq7nYwz6aNh2Wxmw7ytl3t4dcueBy54b3UpcLYUxn1f7y6bEg-Zn2cq9JD0Ot5hlrl6dWUWnJXPQinxaCeQFcfd08zCUglugVxoHDGXumA-pc96ivOY5PHbvVcZttGLm3FosGE1TozCoMVyZ0kTE.RER-LJeA5hBDPMMLtzpJjhH0IZa5FLgCGhILIwVXeIo&dib_tag=se&keywords=commercial+kitchen+equipment&qid=1760459436&sr=8-8
"12 Pack Plastic Food Pan with Lid 1/6 Size 4 Inch Deep Restaurant Clear Food Storage Containers Polycarbonate Commercial Hotel Pans for Fruits Vegetables Beans Corns (12 PCS, 4'' Deep)","MAD394
86
(
MAD32.88 / count)","-12%
MAD394
86
(
MAD32.88 / count)
Typical price:
MAD449.97",200+ bought in past month,HNEDSEN,Nan,Nan,Nan,Polyethylene Terephthalate (PET),12 PCS,Nan,Nan,Nan,Nan,Nan,Nan,Nan,Nan,Nan,Nan,Nan,Nan,Nan,Nan,Nan,Nan,HNEDSEN,6.9 x 6.3 x 4 inches; 8 Pounds,Nan,Nan,Nan,Nan,Nan,Nan,Nan,Nan,Nan,Nan,Nan,Nan,Nan,B0CCNQN2DQ,4.4,364 ratings,80%,6%,3%,2%,9%,"Best Sellers Rank: #2,662 in Industrial & Scientific (See Top 100 in Industrial & Scientific)
#1 in Commercial Food Pans","September 8, 2023",https://www.amazon.com/HNEDSEN-Restaurant-Containers-Polycarbonate-Commercial/dp/B0CCNQN2DQ/ref=sr_1_9?dib=eyJ2IjoiMSJ9.LbsCW5GdBaHaG6crjzI4CkOb7E12CV1iCeukVLvuiXKHHw1WCto7gQTv8qiBrO2MNXF06TGF5r3Vv9p8VG70XJlLq7nYwz6aNh2Wxmw7ytl3t4dcueBy54b3UpcLYUxn1f7y6bEg-Zn2cq9JD0Ot5hlrl6dWUWnJXPQinxaCeQFcfd08zCUglugVxoHDGXumA-pc96ivOY5PHbvVcZttGLm3FosGE1TozCoMVyZ0kTE.RER-LJeA5hBDPMMLtzpJjhH0IZa5FLgCGhILIwVXeIo&dib_tag=se&keywords=commercial+kitchen+equipment&qid=1760459436&sr=8-9
"Vovoly Extra Wide Griddle Scraper, 5.5''x5.5'' Smashed Burger Scraper Grill Scraper Spatula Burger Turner - Full Tang Wooden Handle Professional Grade Grill Accessories, Knife Grade Stainless Steel","MAD128
31","MAD128
31",900+ bought in past month,Nan,Nan,Nan,Nan,Nan,Nan,Nan,Nan,Nan,Nan,Nan,Nan,Nan,Nan,Nan,Nan,7 ounces,Nan,Nan,Nan,Nan,Nan,VOVOLY,Nan,Nan,Griddle scraper 203,Nan,Nan,Nan,Nan,Nan,Nan,Nan,Nan,Nan,Nan,Nan,B0DD3S7WDZ,4.7,477 ratings,84%,11%,3%,1%,1%,"#1,279 in Patio, Lawn & Garden (See Top 100 in Patio, Lawn & Garden)",Nan,https://www.amazon.com/Vovoly-Griddle-Scraper-5-5x5-5-Smashed/dp/B0DD3S7WDZ/ref=sr_1_10?dib=eyJ2IjoiMSJ9.LbsCW5GdBaHaG6crjzI4CkOb7E12CV1iCeukVLvuiXKHHw1WCto7gQTv8qiBrO2MNXF06TGF5r3Vv9p8VG70XJlLq7nYwz6aNh2Wxmw7ytl3t4dcueBy54b3UpcLYUxn1f7y6bEg-Zn2cq9JD0Ot5hlrl6dWUWnJXPQinxaCeQFcfd08zCUglugVxoHDGXumA-pc96ivOY5PHbvVcZttGLm3FosGE1TozCoMVyZ0kTE.RER-LJeA5hBDPMMLtzpJjhH0IZa5FLgCGhILIwVXeIo&dib_tag=se&keywords=commercial+kitchen+equipment&qid=1760459436&sr=8-10
"VEVOR Commercial Vegetable Chopper w/ 4 Replacement Blades, Stainless Steel French Fry Cutter Potato Dicer & Fruit Slicer for Restaurants & Home Kitchen","MAD762
26","MAD762
26",900+ bought in past month,VEVOR,Fry Cutter Potato Dicer Slicer,Nan,Nan,Stainless Steel,Silver,Nan,Nan,Nan,Multipurpose,Nan,Nan,Nan,Nan,Nan,Nan,,Nan,Nan,Nan,Nan,Nan,VEVOR,"19.7""L x 8.7""W x 8.7""H",Nan,French Fry Cutter with 4 Blades,Nan,Nan,Nan,Nan,Nan,Nan,Nan,Nan,Nan,Nan,Nan,B0963PZB9L,4.6,"1,846 ratings",78%,13%,4%,2%,3%,"#8,247 in Kitchen & Dining (See Top 100 in Kitchen & Dining)","May 28, 2021",https://www.amazon.com/VEVOR-Commercial-Chopper-Replacement-Restaurants/dp/B0963PZB9L/ref=sr_1_11?dib=eyJ2IjoiMSJ9.LbsCW5GdBaHaG6crjzI4CkOb7E12CV1iCeukVLvuiXKHHw1WCto7gQTv8qiBrO2MNXF06TGF5r3Vv9p8VG70XJlLq7nYwz6aNh2Wxmw7ytl3t4dcueBy54b3UpcLYUxn1f7y6bEg-Zn2cq9JD0Ot5hlrl6dWUWnJXPQinxaCeQFcfd08zCUglugVxoHDGXumA-pc96ivOY5PHbvVcZttGLm3FosGE1TozCoMVyZ0kTE.RER-LJeA5hBDPMMLtzpJjhH0IZa5FLgCGhILIwVXeIo&dib_tag=se&keywords=commercial+kitchen+equipment&qid=1760459436&sr=8-11
"FORIOUS Black Kitchen Faucet with Soap Dispenser, Stainless Steel Single Handle Modern Spring Commercial Sink Faucet with Pull Down Sprayer for Laundry & Utility Room RV Camp Bar Farmhouse","MAD404
05","-23%
MAD404
05
List Price:
MAD523.45",300+ bought in past month,FORIOUS,"Farmhouse, Kitchen, Laundry, Outdoor, RV, Bar",Deck Mount,Matte Black,Stainless Steel,Matte Black,,,,,Modern,Deck Mount,Nan,Stainless Steel,6.69 Inches,8.27 Inches,4.33 pounds,Nan,limited,Left& Right,Nan,High Arch Gooseneck,FORIOUS,"8.27""D x 10.04""W x 18.9""H",Nan,FF0029B-SD,Nan,Matte Black,Nan,Nan,Nan,18 Inches,Nan,"360 Swivel, Lead Free, Pull Down Sprayer, Pull Out Sprayer",No,No,Nan,B0DQTM3K7Q,4.6,219 ratings,82%,8%,6%,1%,3%,"#11,275 in Tools & Home Improvement (See Top 100 in Tools & Home Improvement)","February 8, 2025",https://www.amazon.com/sspa/click?ie=UTF8&spc=MTo3MjgxNTU5Njc3NjE5NzU0OjE3NjA0NTk0MzY6c3BfbXRmOjMwMDY2OTAwNDA2NTUwMjo6MDo6&url=%2FFORIOUS-Dispenser-Stainless-Commercial-Farmhouse%2Fdp%2FB0DQTM3K7Q%2Fref%3Dsr_1_12_sspa%3Fdib%3DeyJ2IjoiMSJ9.LbsCW5GdBaHaG6crjzI4CkOb7E12CV1iCeukVLvuiXKHHw1WCto7gQTv8qiBrO2MNXF06TGF5r3Vv9p8VG70XJlLq7nYwz6aNh2Wxmw7ytl3t4dcueBy54b3UpcLYUxn1f7y6bEg-Zn2cq9JD0Ot5hlrl6dWUWnJXPQinxaCeQFcfd08zCUglugVxoHDGXumA-pc96ivOY5PHbvVcZttGLm3FosGE1TozCoMVyZ0kTE.RER-LJeA5hBDPMMLtzpJjhH0IZa5FLgCGhILIwVXeIo%26dib_tag%3Dse%26keywords%3Dcommercial%2Bkitchen%2Bequipment%26qid%3D1760459436%26sr%3D8-12-spons%26sp_csd%3Dd2lkZ2V0TmFtZT1zcF9tdGY%26psc%3D1
Stainless Steel Metal Spatula Set - Teppaniyaki Spatulas - Griddle Scraper Flat Spatula Pancake Flipper Hamburger Turner - Metal Utensil great for BBQ Grill Flat Top Cast Iron Griddle Accessories,"MAD261
31","MAD261
31",300+ bought in past month,Anmarko,Nan,Nan,Nan,Stainless Steel,Nan,Nan,Nan,Nan,Nan,Nan,Nan,4,"Stainless Steel, Wood",Nan,Nan,0.85 Kilograms,Nan,Nan,Nan,Nan,Nan,Anmarko,14.76 x 4.33 x 2.36 inches,Nan,Nan,No,Nan,Nan,Nan,Nan,Nan,Nan,Nan,Nan,Nan,Nan,B07H4QBWMT,4.7,"3,229 ratings",81%,13%,5%,0%,1%,"#20,446 in Patio, Lawn & Garden (See Top 100 in Patio, Lawn & Garden)","September 6, 2018",https://www.amazon.com/Stainless-Steel-Metal-Spatula-Set/dp/B07H4QBWMT/ref=sr_1_13?dib=eyJ2IjoiMSJ9.LbsCW5GdBaHaG6crjzI4CkOb7E12CV1iCeukVLvuiXKHHw1WCto7gQTv8qiBrO2MNXF06TGF5r3Vv9p8VG70XJlLq7nYwz6aNh2Wxmw7ytl3t4dcueBy54b3UpcLYUxn1f7y6bEg-Zn2cq9JD0Ot5hlrl6dWUWnJXPQinxaCeQFcfd08zCUglugVxoHDGXumA-pc96ivOY5PHbvVcZttGLm3FosGE1TozCoMVyZ0kTE.RER-LJeA5hBDPMMLtzpJjhH0IZa5FLgCGhILIwVXeIo&dib_tag=se&keywords=commercial+kitchen+equipment&qid=1760459436&sr=8-13
4 Pack Refrigerator Freezer Thermometer Large Dial Analog Thermometer,"MAD91
76
(
MAD22.96 / count)","MAD91
76
(
MAD22.96 / count)",8K+ bought in past month,LinkDm,Nan,Nan,Nan,Stainless Steel,White,Nan,4 Thermometers,Nan,Waterproof,Nan,Nan,Nan,Nan,Nan,Nan,Nan,Nan,Nan,Nan,Nan,Nan,LinkDm,0.01 x 0.01 x 0.01 inches; 6.24 ounces,Nan,Nan,Nan,Nan,Nan,Nan,Nan,Nan,Nan,Nan,Nan,Nan,Nan,B07VVHZLLZ,4.6,"14,596 ratings",77%,14%,5%,1%,3%,"Best Sellers Rank: #788 in Kitchen & Dining (See Top 100 in Kitchen & Dining)
#2 in Refrigerator Thermometers","July 31, 2019",https://www.amazon.com/Pack-Refrigerator-Freezer-Thermometer-Large/dp/B07VVHZLLZ/ref=sr_1_14?dib=eyJ2IjoiMSJ9.LbsCW5GdBaHaG6crjzI4CkOb7E12CV1iCeukVLvuiXKHHw1WCto7gQTv8qiBrO2MNXF06TGF5r3Vv9p8VG70XJlLq7nYwz6aNh2Wxmw7ytl3t4dcueBy54b3UpcLYUxn1f7y6bEg-Zn2cq9JD0Ot5hlrl6dWUWnJXPQinxaCeQFcfd08zCUglugVxoHDGXumA-pc96ivOY5PHbvVcZttGLm3FosGE1TozCoMVyZ0kTE.RER-LJeA5hBDPMMLtzpJjhH0IZa5FLgCGhILIwVXeIo&dib_tag=se&keywords=commercial+kitchen+equipment&qid=1760459436&sr=8-14
"4 PK Wash Rinse Sanitize Sink Labels-Employees Must Wash Hands Sign Waterproof Sticker Signs for 3 Compartment Sinks, Restauran,t Commercial Kitchen, Food Trucks, Wash Station Brushed Aluminum","MAD119
31
(
MAD29.85 / count)","MAD119
31
(
MAD29.85 / count)",100+ bought in past month,EliteSign,Nan,Wall Mount,Nan,Nan,Silver,Nan,Nan,Nan,Nan,Nan,Nan,Nan,Nan,Nan,Nan,0.06 Kilograms,Nan,Nan,Nan,Nan,Nan,,,Nan,0116,Nan,Nan,Nan,Nan,Nan,Nan,Nan,Nan,Nan,Nan,Nan,B0DM4VDJ45,4.9,26 ratings,87%,13%,0%,0%,0%,"#31,205 in Industrial & Scientific (See Top 100 in Industrial & Scientific)","November 6, 2024",https://www.amazon.com/Labels-Employees-Waterproof-Compartment-Restauran-Commercial/dp/B0DM4VDJ45/ref=sr_1_15?dib=eyJ2IjoiMSJ9.LbsCW5GdBaHaG6crjzI4CkOb7E12CV1iCeukVLvuiXKHHw1WCto7gQTv8qiBrO2MNXF06TGF5r3Vv9p8VG70XJlLq7nYwz6aNh2Wxmw7ytl3t4dcueBy54b3UpcLYUxn1f7y6bEg-Zn2cq9JD0Ot5hlrl6dWUWnJXPQinxaCeQFcfd08zCUglugVxoHDGXumA-pc96ivOY5PHbvVcZttGLm3FosGE1TozCoMVyZ0kTE.RER-LJeA5hBDPMMLtzpJjhH0IZa5FLgCGhILIwVXeIo&dib_tag=se&keywords=commercial+kitchen+equipment&qid=1760459436&sr=8-15
"Restaurant Sanitizer Test Kit Combo, 2 x Vial of 100 Strips Each QR5 Quat Sanitizer 0-400PPM & Chlorine Test Strips 0-200PPM Testing Kit for Food Service, Bar & Restaurants Supplies by FryOilSaver Co.","MAD128
13
(
MAD0.64 / count)","MAD128
13
(
MAD0.64 / count)",3K+ bought in past month,THE FRYOILSAVER COMPANY,Nan,Nan,Nan,Nan,Nan,Nan,Nan,Nan,Nan,Nan,Nan,Nan,Nan,Nan,Nan,Nan,Nan,Nan,Nan,Nan,Nan,Precision Labs,2 x 0.5 x 0.5 inches; 0.71 ounces,Nan,Nan,Nan,Nan,Nan,Nan,Nan,Nan,Nan,Nan,Nan,Nan,Nan,B088J9FV2T,4.7,977 ratings,84%,10%,4%,1%,1%,"Best Sellers Rank: #1,590 in Industrial & Scientific (See Top 100 in Industrial & Scientific)
#1,425 in Food Service Equipment & Supplies","May 12, 2020",https://www.amazon.com/FryOilSaver-Restaurant-Sanitizer-Chlorine-0-200ppm/dp/B088J9FV2T/ref=sr_1_16?dib=eyJ2IjoiMSJ9.LbsCW5GdBaHaG6crjzI4CkOb7E12CV1iCeukVLvuiXKHHw1WCto7gQTv8qiBrO2MNXF06TGF5r3Vv9p8VG70XJlLq7nYwz6aNh2Wxmw7ytl3t4dcueBy54b3UpcLYUxn1f7y6bEg-Zn2cq9JD0Ot5hlrl6dWUWnJXPQinxaCeQFcfd08zCUglugVxoHDGXumA-pc96ivOY5PHbvVcZttGLm3FosGE1TozCoMVyZ0kTE.RER-LJeA5hBDPMMLtzpJjhH0IZa5FLgCGhILIwVXeIo&dib_tag=se&keywords=commercial+kitchen+equipment&qid=1760459436&sr=8-16
"Waring Commercial MX1000XTS 3.5 HP Blender with Paddle Switches, Pulse Feature and a 64 oz. Stainless Steel Container, 120V, 5-15 Phase Plug, Black","MAD7,357
18
(
MAD28.75 / oz)","MAD7,357
18
(
MAD28.75 / oz)",Nan,Waring,Pulse,Nan,Nan,"Material
Plastic, Stainless Steel",Black,Nan,HI-POWER BLENDER WITH 64 OZ. STAINLESS-STEEL CONTAINER,Nan,"Manual, Pulse",MX1000XTS - Stainless Steel 64 Ounce Container,Nan,Nan,Nan,Nan,Nan,"Item Weight
14.1 Pounds",Nan,limited warranty,Nan,Nan,Nan,Conair LLC Waring Commercial Inc. (BISS),8.25 x 8.5 x 18 inches,Nan,MX1000XTS,No,Nan,Nan,Nan,Nan,Nan,Nan,Nan,Nan,Nan,Nan,B005DTOXWE,4.0,285 ratings,61%,12%,7%,5%,15%,"#104,956 in Kitchen & Dining (See Top 100 in Kitchen & Dining)","September 10, 2008",https://www.amazon.com/sspa/click?ie=UTF8&spc=MTo3MjgxNTU5Njc3NjE5NzU0OjE3NjA0NTk0MzY6c3BfbXRmOjMwMDc4MDUzOTg2ODIwMjo6MDo6&url=%2FWaring-Commercial-MX1000XTS-Stainless-Container%2Fdp%2FB005DTOXWE%2Fref%3Dsr_1_17_sspa%3Fdib%3DeyJ2IjoiMSJ9.LbsCW5GdBaHaG6crjzI4CkOb7E12CV1iCeukVLvuiXKHHw1WCto7gQTv8qiBrO2MNXF06TGF5r3Vv9p8VG70XJlLq7nYwz6aNh2Wxmw7ytl3t4dcueBy54b3UpcLYUxn1f7y6bEg-Zn2cq9JD0Ot5hlrl6dWUWnJXPQinxaCeQFcfd08zCUglugVxoHDGXumA-pc96ivOY5PHbvVcZttGLm3FosGE1TozCoMVyZ0kTE.RER-LJeA5hBDPMMLtzpJjhH0IZa5FLgCGhILIwVXeIo%26dib_tag%3Dse%26keywords%3Dcommercial%2Bkitchen%2Bequipment%26qid%3D1760459436%26sr%3D8-17-spons%26sp_csd%3Dd2lkZ2V0TmFtZT1zcF9tdGY%26psc%3D1
"Bekith 6 Pack 1/6 Size Clear Polycarbonate Food Pans with Lids for Kitchen Restaurant Food Prep, 4 Inches Deep","MAD211
16
(
MAD35.18 / count)","-12%
MAD211
16
(
MAD35.18 / count)
Typical price:
MAD238.72",400+ bought in past month,Bekith,Nan,Nan,Nan,Polyethylene Terephthalate (PET),Clear,Nan,Nan,Nan,Nan,Nan,Nan,Nan,Nan,Nan,Nan,Nan,Nan,Nan,Nan,Nan,Nan,Bekith,6.9 x 6.4 x 4 inches; 3.79 Pounds,Nan,Nan,Nan,Nan,Nan,Nan,Nan,Nan,Nan,Nan,Nan,Nan,Nan,B0BMVVQNN9,4.4,281 ratings,76%,8%,6%,2%,8%,"Best Sellers Rank: #16,186 in Industrial & Scientific (See Top 100 in Industrial & Scientific)
#14 in Commercial Food Pans","November 18, 2022",https://www.amazon.com/Bekith-Polycarbonate-Kitchen-Restaurant-Inches/dp/B0BMVVQNN9/ref=sr_1_18?dib=eyJ2IjoiMSJ9.LbsCW5GdBaHaG6crjzI4CkOb7E12CV1iCeukVLvuiXKHHw1WCto7gQTv8qiBrO2MNXF06TGF5r3Vv9p8VG70XJlLq7nYwz6aNh2Wxmw7ytl3t4dcueBy54b3UpcLYUxn1f7y6bEg-Zn2cq9JD0Ot5hlrl6dWUWnJXPQinxaCeQFcfd08zCUglugVxoHDGXumA-pc96ivOY5PHbvVcZttGLm3FosGE1TozCoMVyZ0kTE.RER-LJeA5hBDPMMLtzpJjhH0IZa5FLgCGhILIwVXeIo&dib_tag=se&keywords=commercial+kitchen+equipment&qid=1760459436&sr=8-18
"Anbers 13L/Grey Plastic Commercial Bus Box, Wash Tub Basin, 4 Packs","MAD253
05
(
MAD63.28 / count)","MAD253
05
(
MAD63.28 / count)",100+ bought in past month,Anbers,Nan,Nan,Smooth,Plastic,Grey,Nan,Nan,Nan,Nan,Nan,Nan,Nan,Nan,Nan,Nan,1.78 Kilograms,Nan,Nan,Nan,Nan,Nan,Anbers135,"17""L x 13.2""W x 4.7""H",015,015,Nan,Smooth,Nan,Nan,Nan,Nan,Nan,Nan,No,No,Nan,B07TGGG25G,4.6,627 ratings,80%,10%,6%,2%,2%,"#20,340 in Industrial & Scientific (See Top 100 in Industrial & Scientific)","June 24, 2019",https://www.amazon.com/Anbers-Plastic-Commercial-Basin-Packs/dp/B07TGGG25G/ref=sr_1_19?dib=eyJ2IjoiMSJ9.LbsCW5GdBaHaG6crjzI4CkOb7E12CV1iCeukVLvuiXKHHw1WCto7gQTv8qiBrO2MNXF06TGF5r3Vv9p8VG70XJlLq7nYwz6aNh2Wxmw7ytl3t4dcueBy54b3UpcLYUxn1f7y6bEg-Zn2cq9JD0Ot5hlrl6dWUWnJXPQinxaCeQFcfd08zCUglugVxoHDGXumA-pc96ivOY5PHbvVcZttGLm3FosGE1TozCoMVyZ0kTE.RER-LJeA5hBDPMMLtzpJjhH0IZa5FLgCGhILIwVXeIo&dib_tag=se&keywords=commercial+kitchen+equipment&qid=1760459436&sr=8-19
"CUSINIUM Metal Salt Pepper Dredge Shakers - With Handle - Seasonings Spice Shakers With Holes and Lids - 10 Ounce, 2pcs | Style: Medium","MAD91
76","MAD91
76",3K+ bought in past month,CUSINIUM,Nan,Nan,Nan,"Plastic, Stainless Steel",Silver,Nan,Nan,Nan,Nan,Nan,Nan,Nan,Nan,Nan,Nan,6.4 ounces,Nan,Nan,Nan,Nan,Nan,CUSINIUM,"2.6""L x 2.6""W x 3.6""H",Nan,CD88745369-PK,Nan,Nan,Nan,Cylindrical,Nan,Nan,Nan,Nan,Nan,Nan,Nan,B08GKJSW3C,4.5,"3,377 ratings",76%,13%,5%,2%,4%,"#1,384 in Kitchen & Dining (See Top 100 in Kitchen & Dining)","August 24, 2020",https://www.amazon.com/CUSINIUM-Popcorn-Shaker-Handle-Measuring/dp/B08GKJSW3C/ref=sr_1_20?dib=eyJ2IjoiMSJ9.LbsCW5GdBaHaG6crjzI4CkOb7E12CV1iCeukVLvuiXKHHw1WCto7gQTv8qiBrO2MNXF06TGF5r3Vv9p8VG70XJlLq7nYwz6aNh2Wxmw7ytl3t4dcueBy54b3UpcLYUxn1f7y6bEg-Zn2cq9JD0Ot5hlrl6dWUWnJXPQinxaCeQFcfd08zCUglugVxoHDGXumA-pc96ivOY5PHbvVcZttGLm3FosGE1TozCoMVyZ0kTE.RER-LJeA5hBDPMMLtzpJjhH0IZa5FLgCGhILIwVXeIo&dib_tag=se&keywords=commercial+kitchen+equipment&qid=1760459436&sr=8-20
"4 Pack Wash Rinse Sanitize Sink Labels, Waterproof Sticker Signs Perfect for 3 Compartment Sink - Restaurants, Commercial Kitchens, Food Trucks, Dishwashing or Wash Station","MAD52
26
(
MAD13.04 / count)","MAD52
26
(
MAD13.04 / count)",300+ bought in past month,GIRCSS,Nan,Nan,Adhesive,Vinyl,"Blue, Green, Purple, Red",Nan,Nan,Nan,Nan,Nan,Nan,Nan,Nan,Nan,Nan,0.317 ounces,Nan,Nan,Nan,Nan,Nan,GIRCSS,Nan,ITBatch3-269,Nan,Nan,Adhesive,Nan,Rectangular,Nan,Nan,Nan,Nan,No,No,Nan,B097ZSGMZX,4.5,367 ratings,78%,9%,6%,3%,4%,"#14,441 in Industrial & Scientific (See Top 100 in Industrial & Scientific)","June 26, 2021",https://www.amazon.com/Sanitize-Waterproof-Sticker-Perfect-Compartment/dp/B097ZSGMZX/ref=sr_1_21?dib=eyJ2IjoiMSJ9.LbsCW5GdBaHaG6crjzI4CkOb7E12CV1iCeukVLvuiXKHHw1WCto7gQTv8qiBrO2MNXF06TGF5r3Vv9p8VG70XJlLq7nYwz6aNh2Wxmw7ytl3t4dcueBy54b3UpcLYUxn1f7y6bEg-Zn2cq9JD0Ot5hlrl6dWUWnJXPQinxaCeQFcfd08zCUglugVxoHDGXumA-pc96ivOY5PHbvVcZttGLm3FosGE1TozCoMVyZ0kTE.RER-LJeA5hBDPMMLtzpJjhH0IZa5FLgCGhILIwVXeIo&dib_tag=se&keywords=commercial+kitchen+equipment&qid=1760459436&sr=8-21
"FORIOUS Black Kitchen Faucet with Pull Down Sprayer, Stainless Steel Commercial Single Handle Classic Spring Pull Out Kitchen Sink Faucet for Pot Filler, Farmhouse Camper Bar Laundry Room","MAD367
12","-20%
MAD367
12
List Price:
MAD459.16",2K+ bought in past month,FORIOUS,"Bar, Kitchen, Laundry, Outdoor, RV",Deck Mount,Black,Stainless Steel,Matte Black,,,,,Classic,Single Hole,Nan,Stainless Steel,6.89 Inches,8.27 Inches,4 Pounds,Nan,limited,Left or Right,Nan,High Arch Gooseneck,FORIOUS,"8.27""D x 10.04""W x 18.9""H",FF0024B,FF0024B,Nan,Black,Nan,Nan,1,27 Inches,Nan,"360 Swivel, Dual Function Sprayer, Easy to Install, Lead Free, Pull Down Sprayer",No,No,Lifetime warranty,B089SQQMFF,4.4,"9,143 ratings",74%,11%,5%,3%,7%,#770 in Tools & Home Improvement (See Top 100 in Tools & Home Improvement),"June 9, 2020",https://www.amazon.com/sspa/click?ie=UTF8&spc=MTo3MjgxNTU5Njc3NjE5NzU0OjE3NjA0NTk0MzY6c3BfYnRmOjIwMDA4NDk3MzE3MDM5ODo6MDo6&url=%2FFORIOUS-Kitchen-Sprayer-Commercial-faucets%2Fdp%2FB089SQQMFF%2Fref%3Dsr_1_22_sspa%3Fdib%3DeyJ2IjoiMSJ9.LbsCW5GdBaHaG6crjzI4CkOb7E12CV1iCeukVLvuiXKHHw1WCto7gQTv8qiBrO2MNXF06TGF5r3Vv9p8VG70XJlLq7nYwz6aNh2Wxmw7ytl3t4dcueBy54b3UpcLYUxn1f7y6bEg-Zn2cq9JD0Ot5hlrl6dWUWnJXPQinxaCeQFcfd08zCUglugVxoHDGXumA-pc96ivOY5PHbvVcZttGLm3FosGE1TozCoMVyZ0kTE.RER-LJeA5hBDPMMLtzpJjhH0IZa5FLgCGhILIwVXeIo%26dib_tag%3Dse%26keywords%3Dcommercial%2Bkitchen%2Bequipment%26qid%3D1760459436%26sr%3D8-22-spons%26sp_csd%3Dd2lkZ2V0TmFtZT1zcF9idGY%26psc%3D1
